Workbook

Sheet START HERE
A1: Experiment Control Workbook — Spider2-Lite Testing Log
A5: How to use this workbook in order
A6: 1. Setup Checklist | D6: Confirm software, dataset files, API keys, and recording setup before you start.
A7: 2. Tasks | D7: List the exact Spider2-Lite SQLite tasks you will test; this becomes your fixed manifest.
A8: 3. Prompt Library | D8: Store the approved Turn 1 and revision prompts so all models are tested consistently.
A9: 4. Run Plan | D9: Create one row per planned trajectory: task × model × protocol × replicate.
A10: 5. Turn Log | D10: Log every turn immediately after execution — this is the main evidence sheet.
A11: 6. Run Summary | D11: Review per-run totals such as first pass turn, regressions, oscillations, and final state.
A12: 7. Stability Checks | D12: Record re-execution and re-prompt stability tests for runs that reached Pass.
A13: 8. Dashboard | D13: Use the summary cells and filters to prepare figures/tables for the paper.
A14: Tip: read the new 'Data Entry Guide' tab before logging your first batch.
A16: Sheet map — what each tab should hold
A17: Tab | B17: What it stores | G17: When you touch it | J17: Key traceability fields
A18: Setup Checklist | B18: Environment readiness and evidence links | G18: Before testing, and when something changes | J18: status, evidence_path, checked_on
A19: Tasks | B19: The fixed task manifest for your pilot/main runs | G19: Once per selected task | J19: task_id, db_name, db_path, oracle_result_file
A20: Prompt Library | B20: Approved prompts and feedback payload templates | G20: Before testing; edit only deliberately | J20: template_id, version, variables
A21: Run Plan | B21: One row per planned trajectory | G21: Before each recording block | J21: run_id, model_id, protocol_id, record_file, folder_path
A22: Turn Log | B22: One row per turn executed | G22: During every test turn | J22: run_id, turn_no, prompt_file, response_file, extracted_sql_file, exec_state
A23: Run Summary | B23: Per-run rollups from Turn Log | G23: After each run or at analysis time | J23: first_pass_turn, final_state, regressions
A24: Stability Checks | B24: Re-exec / re-prompt repeat checks | G24: After a run first reaches Pass | J24: check_type, repeat_no, outcome_state
A25: Metrics Dictionary | B25: Definitions of every metric and label | G25: Reference only | J25: metric_name, interpretation, source_sheet
A26: Dashboard | B26: Quick totals for status meetings and slides | G26: Anytime | J26: pass_within_T, avg regressions, avg first pass turn
A29: Color and label guide
A30: Color | B30: Meaning
A31: Green | B31: Pass / stable result / ready
A32: Yellow | B32: WrongResult / review / needs analysis
A33: Red | B33: Execution failure / regression / blocked
A34: Blue | B34: Required user entry
A35: Gray | B35: Reference or helper formula cells
A36: Purple | B36: Protocol / control field

Sheet Data Entry Guide
A1: Data Entry Guide
A3: Sheet | B3: Who fills it | C3: What to type | D3: What scripts can fill | E3: When to update | F3: Notes
A4: Setup Checklist | B4: Manual | C4: Owner, status, evidence, checked-on date, notes | E4: Before testing | F4: Use this as environment proof.
A5: Lookups | B5: Manual (rare) | C5: Only change when model roster or protocol labels change | E5: When models/protocols change | F5: Keep stable IDs here.
A6: Prompt Library | B6: Manual | C6: Template versions and approved prompt text | E6: Before pilot / after controlled version updates | F6: Do not silently edit during main runs.
A7: Tasks | B7: Manual | C7: task_id, db_name, question, oracle file, difficulty, pilot/main flags | E7: Before batch execution | F7: This is your fixed manifest.
A8: Run Plan | B8: Manual or semi-manual | C8: run_id, model_id, protocol_id, replicate, operator, planned_date, artifact folder | D8: Sync script can backfill rows from logs | E8: Before each batch | F8: One row = one trajectory.
A9: Turn Log | B9: Mixed | C9: review notes and review_flag | D9: Runner + sync script fill prompt paths, response paths, SQL, runtime, state, pass flag | E9: Immediately after each run or batch sync | F9: Main evidence sheet.
A10: Run Summary | B10: Formula-driven | C10: analyst_note only | E10: After sync | F10: Use for paper tables.
A11: Stability Checks | B11: Mixed | C11: notes for re-prompt tests | D11: Re-execution checks can be machine-filled | E11: Only after first Pass | F11: Re-prompt is still partly manual.
A12: Dashboard | B12: Formula-driven | C12: Do not type into KPI cells | E12: After sync | F12: Snapshot for progress reporting.
A15: Minimum fields that should exist for every run
A16: task_id | B16: Required
A17: db_name | B17: Required
A18: model_id / model_snapshot | B18: Required
A19: protocol_id | B19: Required
A20: replicate | B20: Required
A21: turn_no | B21: Required
A22: prompt_file | B22: Required
A23: response_file | B23: Required
A24: extracted_sql_file | B24: Required
A25: exec_state | B25: Required
A26: exec_ms | B26: Required
A27: rows_pred | B27: Required
... A31: pass_flag | B31: Required

Sheet Setup Checklist
A1: Setup Checklist
A3: # | B3: Checklist item | C3: Why it matters | D3: Owner | E3: Status | F3: Evidence / path / screenshot | G3: Checked on | H3: Notes
A4: 1 | B4: Clone Spider2 repo | C4: Ensures everyone uses the same dataset and evaluation files. | E4: Not started
A5: 2 | B5: Download local SQLite bundle | C5: Needed for local Spider2-Lite tasks. | E5: Not started
A6: 3 | B6: Verify sqlite-sakila opens | C6: Confirms sqlite3 and the database path work before model testing. | E6: Not started
A7: 4 | B7: Create Python virtual environment | C7: Keeps dependencies clean and reproducible. | E7: Not started
A8: 5 | B8: Confirm API keys / model access | C8: Avoids failed recordings due to missing credentials. | E8: Not started
A9: 6 | B9: Extract one schema dump successfully | C9: Needed for consistent prompt construction. | E9: Not started
A10: 7 | B10: Create pilot task manifest | C10: Locks the exact tasks used for the recorded pilot. | E10: Not started
A11: 8 | B11: Test OBS or Loom recording workflow | C11: Prevents losing an experiment due to recording setup. | E11: Not started
A12: 9 | B12: Dry-run one 2-turn trajectory | C12: Confirms prompts, execution, and logging all work together. | E12: Not started

Sheet Lookups
A1: exec_state | B1: severity | D1: protocol_id | E1: description | G1: model_id | H1: provider | I1: recommended_use | J1: status | L1: yes_no | N1: owners
A2: Pass | B2: 0 | D2: F0 | E2: Minimal: PASS/FAIL only | G2: gpt-5.1 | H2: OpenAI | I2: Primary | J2: Ready | L2: Yes | N2: Lead
A3: WrongResult | B3: 1 | D3: F1 | E3: EngineError: include SQLite error text | G3: gpt-5-mini | H3: OpenAI | I3: Budget | J3: Ready | L3: No | N3: Recorder
A4: RuntimeError | B4: 2 | D4: F2 | E4: OutputDiff: include row counts and sample differences | G4: gpt-5.1-chat-latest | H4: OpenAI | I4: Web/API alias | J4: Ready | N4: Runner
A5: SchemaError | B5: 3 | D5: F3 | E5: SelfDebug: ask for brief diagnosis before revised SQL | G5: gemini-2.5-pro | H5: Google | I5: Primary | J5: Ready | N5: Reviewer
A6: SyntaxError | B6: 4 | G6: gemini-2.5-flash-lite | H6: Google | I6: Budget | J6: Ready
A7: Timeout | B7: 5 | G7: deepseek-reasoner | H7: DeepSeek | I7: Primary | J7: Ready
A8: FormatError | B8: 6 | G8: deepseek-chat | H8: DeepSeek | I8: Budget | J8: Ready

Sheet Prompt Library
A1: Prompt Library
A2: Keep the approved prompt templates here. Change them deliberately and version them so your experiment remains traceable.
A4: template_id | B4: used_when | C4: version | D4: template_text | E4: required_variables | F4: notes
A5: T1_SQL | B5: Turn 1 / initial generation | C5: v1 | D5: You are a data analyst. Produce a single SQLite-compatible SQL query that answers the question. Rules: - Output ONLY the SQL query inside one ```sql``` code block. - Do not include explanations. - Use only tables/columns that exist in the provided schema. Database: {db_name} Dialect: SQLite Schema: {schema_dump} Question: {question} Return ONE SQL query only. | E5: {db_name}, {schema_dump}, {question} | F5: Use this prompt for all models at turn 1.
A6: REV_F0 | B6: Turn k / Minimal feedback | C6: v1 | D6: Previous SQL: ```sql {previous_sql} ``` Feedback: Result: FAIL. Revise the SQL to correctly answer the question. Return ONE SQL query only in a ```sql``` block. | E6: {previous_sql} | F6: Use when protocol_id = F0
A7: REV_F1 | B7: Turn k / Engine error | C7: v1 | D7: Previous SQL: ```sql {previous_sql} ``` Feedback: SQLite error: {sqlite_error} Revise the SQL to be valid SQLite and correctly answer the question. Return ONE SQL query only. | E7: {previous_sql}, {sqlite_error} | F7: Use when protocol_id = F1
A8: REV_F2 | B8: Turn k / Output diff | C8: v1 | D8: Previous SQL: ```sql {previous_sql} ``` Feedback: The query executed but the output is incorrect. Gold row_count = {rows_gold} Pred row_count = {rows_pred} Gold sample rows = {gold_sample} Pred sample rows = {pred_sample} Revise the SQL. Return ONE SQL query only. | E8: {previous_sql}, {rows_gold}, {rows_pred}, {gold_sample}, {pred_sample} | F8: Use when protocol_id = F2
A9: REV_F3 | B9: Turn k / Self-debug diagnosis | C9: v1 | D9: Previous SQL: ```sql {previous_sql} ``` Feedback: {feedback_payload} First write 2-4 bullet points diagnosing why the SQL is wrong. Then output the corrected SQL only inside one ```sql``` code block. | E9: {previous_sql}, {feedback_payload} | F9: Use when protocol_id = F3

Sheet Tasks
A1: Task Manifest (Spider2-Lite SQLite subset)
A2: Enter only the fixed tasks you have approved for the pilot or main run. One row = one dataset task.
A4: task_id | B4: dataset_split | C4: db_name | D4: db_path | E4: question | F4: schema_hash / version | G4: oracle_result_file | H4: difficulty_band | I4: pilot? | J4: main? | K4: recording_segment | L4: notes
A5: local056 | B5: spider2-lite | C5: sqlite-sakila | D5: spider2-lite/resource/databases/spider2-localdb/sqlite-sakila.sqlite | E5: Which customer has the highest average monthly change in payment amounts? Provide the customer full name. | F5: SCHEMA_v1 | H5: Medium | I5: Yes | J5: Yes | K5: Segment 2 | L5: Illustrative sample row; replace with your final chosen wording if needed.
A6: local198 | B6: spider2-lite | C6: chinook | I6: No | J6: No

Sheet Run Plan
A1: Run Plan
A2: One row = one trajectory you plan to execute. Create the run_id before you record anything so your files, screenshots, and log rows all point back to the same ID.
A4: run_id | B4: batch_id | C4: task_id | D4: db_name | E4: model_id | F4: model_snapshot | G4: protocol_id | H4: temperature | I4: reasoning_mode | J4: T_max | K4: replicate | L4: operator | M4: planned_date | N4: record_file | O4: artifact_folder | P4: commit_hash | Q4: status | R4: notes
A5: PILOT-LOCAL056-GPT51-F1-R1 | B5: PILOT_A | C5: local056 | D5: sqlite-sakila | E5: gpt-5.1 | F5: gpt-5.1 | G5: F1 | H5: 0 | I5: none | J5: 5 | K5: 1 | L5: Lead | M5: 2026-03-10 | N5: obs_pilot_local056_gpt51_f1_r1.mp4 | O5: runs/PILOT-LOCAL056-GPT51-F1-R1/ | Q5: Ready | R5: Illustrative sample row.
A6: PILOT-LOCAL056-GEM25PRO-F2-R1 | B6: PILOT_A | C6: local056 | D6: sqlite-sakila | E6: gemini-2.5-pro | F6: gemini-2.5-pro | G6: F2 | H6: 0 | I6: default | J6: 5 | K6: 1 | L6: Lead | M6: 2026-03-10 | N6: obs_pilot_local056_gem25pro_f2_r1.mp4 | O6: runs/PILOT-LOCAL056-GEM25PRO-F2-R1/ | Q6: Ready | R6: Illustrative sample row.
A7: PILOT-LOCAL056-DSREASONER-F1-R1 | B7: PILOT_A | C7: local056 | D7: sqlite-sakila | E7: deepseek-reasoner | F7: deepseek-reasoner | G7: F1 | H7: 0 | I7: thinking | J7: 5 | K7: 1 | L7: Lead | M7: 2026-03-10 | N7: obs_pilot_local056_dsreasoner_f1_r1.mp4 | O7: runs/PILOT-LOCAL056-DSREASONER-F1-R1/ | Q7: Ready | R7: Illustrative sample row.
A8: LOCAL001-GPT-5-1-F1-R1 | B8: MAIN | C8: local001 | D8: sqlite-demo | E8: gpt-5.1 | F8: gpt-5.1 | G8: F1 | H8: 0 | I8: none | J8: 5 | K8: 1 | M8: 2026-03-11 | O8: runs\LOCAL001-GPT-5-1-F1-R1 | Q8: Complete | R8: final_state=Pass; pass_turn=1

Sheet Turn Log
A1: Turn Log
A2: Log one row per executed turn. Fill the blue cells immediately after each turn finishes. Formula cells compute severity, regressions, and pass flags automatically.
A4: batch_id | B4: run_id | C4: turn_no | D4: task_id | E4: db_name | F4: model_id | G4: protocol_id | H4: prompt_file | I4: response_file | J4: extracted_sql_file | K4: prompt_hash | L4: exec_ms | M4: rows_pred | N4: rows_gold | O4: symdiff_rows | P4: sqlite_error | Q4: exec_state | R4: severity | S4: helper_key | T4: helper_prev_key | U4: prev_state | V4: prev_severity | W4: state_change | X4: improved | Y4: regressed | Z4: pass_flag | AA4: feedback_file | AB4: screenshot_file | AC4: recording_timestamp | AD4: notes | AE4: review_flag
A5: PILOT_A | B5: PILOT-LOCAL056-GPT51-F1-R1 | C5: 1 | D5: local056 | E5: sqlite-sakila | F5: gpt-5.1 | G5: F1 | H5: prompts/PILOT-LOCAL056-GPT51-F1-R1_turn01.txt | I5: responses/PILOT-LOCAL056-GPT51-F1-R1_turn01.txt | J5: sql/PILOT-LOCAL056-GPT51-F1-R1_turn01.sql | L5: 1430 | P5: no such function: DATE_TRUNC | Q5: RuntimeError | R5: =IF(Q5="","",IFERROR(VLOOKUP(Q5,Lookups!$A$2:$B$8,2,FALSE),"")) | S5: =IF(B5="","",B5&"|"&TEXT(C5,"00")) | T5: =IF(B5="","",B5&"|"&TEXT(C5-1,"00")) | U5: =IFERROR(INDEX($Q$5:$Q$5000,MATCH(T5,$S$5:$S$5000,0)),"") | V5: =IFERROR(INDEX($R$5:$R$5000,MATCH(T5,$S$5:$S$5000,0)),"") | W5: =IF(U5="","",IF(Q5<>U5,1,0)) | X5: =IF(V5="","",IF(R5<V5,1,0)) | Y5: =IF(V5="","",IF(R5>V5,1,0)) | Z5: =IF(Q5="","",IF(Q5="Pass",1,0)) | AA5: feedback/PILOT-LOCAL056-GPT51-F1-R1_turn01.txt | AB5: screens/PILOT-LOCAL056-GPT51-F1-R1_turn01.png | AC5: 00:02:14 | AD5: Illustrative sample row only. | AE5: Review
A6: PILOT_A | B6: PILOT-LOCAL056-GPT51-F1-R1 | C6: 2 | D6: local056 | E6: sqlite-sakila | F6: gpt-5.1 | G6: F1 | H6: prompts/PILOT-LOCAL056-GPT51-F1-R1_turn02.txt | I6: responses/PILOT-LOCAL056-GPT51-F1-R1_turn02.txt | J6: sql/PILOT-LOCAL056-GPT51-F1-R1_turn02.sql | L6: 1512 | M6: 1 | N6: 1 | O6: 0 | Q6: Pass | R6: =IF(Q6="","",IFERROR(VLOOKUP(Q6,Lookups!$A$2:$B$8,2,FALSE),"")) | S6: =IF(B6="","",B6&"|"&TEXT(C6,"00")) | T6: =IF(B6="","",B6&"|"&TEXT(C6-1,"00")) | U6: =IFERROR(INDEX($Q$5:$Q$5000,MATCH(T6,$S$5:$S$5000,0)),"") | V6: =IFERROR(INDEX($R$5:$R$5000,MATCH(T6,$S$5:$S$5000,0)),"") | W6: =IF(U6="","",IF(Q6<>U6,1,0)) | X6: =IF(V6="","",IF(R6<V6,1,0)) | Y6: =IF(V6="","",IF(R6>V6,1,0)) | Z6: =IF(Q6="","",IF(Q6="Pass",1,0)) | AA6: feedback/PILOT-LOCAL056-GPT51-F1-R1_turn02.txt | AB6: screens/PILOT-LOCAL056-GPT51-F1-R1_turn02.png | AC6: 00:03:02 | AD6: Illustrative sample row only. | AE6: Review
A7: MAIN | B7: LOCAL001-GPT-5-1-F1-R1 | C7: 1 | D7: local001 | E7: sqlite-demo | F7: gpt-5.1 | G7: F1 | H7: prompts\LOCAL001-GPT-5-1-F1-R1_turn01.txt | I7: responses\LOCAL001-GPT-5-1-F1-R1_turn01.txt | J7: sql\LOCAL001-GPT-5-1-F1-R1_turn01.sql | K7: 487e7da40a80ad044f03f1e40081bb736cc6f2fb | L7: 0 | M7: 1 | N7: 1 | O7: 0 | Q7: Pass | R7: =IF(Q7="","",IFERROR(VLOOKUP(Q7,Lookups!$A$2:$B$8,2,FALSE),"")) | S7: =IF(B7="","",B7&"|"&TEXT(C7,"00")) | T7: =IF(B7="","",B7&"|"&TEXT(C7-1,"00")) | U7: =IFERROR(INDEX($Q$5:$Q$5000,MATCH(T7,$S$5:$S$5000,0)),"") | V7: =IFERROR(INDEX($R$5:$R$5000,MATCH(T7,$S$5:$S$5000,0)),"") | W7: =IF(U7="","",IF(Q7<>U7,1,0)) | X7: =IF(V7="","",IF(R7<V7,1,0)) | Y7: =IF(V7="","",IF(R7>V7,1,0)) | Z7: =IF(Q7="","",IF(Q7="Pass",1,0)) | AA7: feedback\LOCAL001-GPT-5-1-F1-R1_turn01.txt | AC7: 02:17:10 | AD7: extraction=raw_sql
R8: =IF(Q8="","",IFERROR(VLOOKUP(Q8,Lookups!$A$2:$B$8,2,FALSE),"")) | S8: =IF(B8="","",B8&"|"&TEXT(C8,"00")) | T8: =IF(B8="","",B8&"|"&TEXT(C8-1,"00")) | U8: =IFERROR(INDEX($Q:$Q,MATCH(T8,$S:$S,0)),"") | V8: =IFERROR(INDEX($R:$R,MATCH(T8,$S:$S,0)),"") | W8: =IF(U8="","",IF(Q8<>U8,1,0)) | X8: =IF(V8="","",IF(R8<V8,1,0)) | Y8: =IF(V8="","",IF(R8>V8,1,0)) | Z8: =IF(Q8="Pass",1,0)
R9: =IF(Q9="","",IFERROR(VLOOKUP(Q9,Lookups!$A$2:$B$8,2,FALSE),"")) | S9: =IF(B9="","",B9&"|"&TEXT(C9,"00")) | T9: =IF(B9="","",B9&"|"&TEXT(C9-1,"00")) | U9: =IFERROR(INDEX($Q:$Q,MATCH(T9,$S:$S,0)),"") | V9: =IFERROR(INDEX($R:$R,MATCH(T9,$S:$S,0)),"") | W9: =IF(U9="","",IF(Q9<>U9,1,0)) | X9: =IF(V9="","",IF(R9<V9,1,0)) | Y9: =IF(V9="","",IF(R9>V9,1,0)) | Z9: =IF(Q9="Pass",1,0)
R10: =IF(Q10="","",IFERROR(VLOOKUP(Q10,Lookups!$A$2:$B$8,2,FALSE),"")) | S10: =IF(B10="","",B10&"|"&TEXT(C10,"00")) | T10: =IF(B10="","",B10&"|"&TEXT(C10-1,"00")) | U10: =IFERROR(INDEX($Q:$Q,MATCH(T10,$S:$S,0)),"") | V10: =IFERROR(INDEX($R:$R,MATCH(T10,$S:$S,0)),"") | W10: =IF(U10="","",IF(Q10<>U10,1,0)) | X10: =IF(V10="","",IF(R10<V10,1,0)) | Y10: =IF(V10="","",IF(R10>V10,1,0)) | Z10: =IF(Q10="Pass",1,0)
R11: =IF(Q11="","",IFERROR(VLOOKUP(Q11,Lookups!$A$2:$B$8,2,FALSE),"")) | S11: =IF(B11="","",B11&"|"&TEXT(C11,"00")) | T11: =IF(B11="","",B11&"|"&TEXT(C11-1,"00")) | U11: =IFERROR(INDEX($Q:$Q,MATCH(T11,$S:$S,0)),"") | V11: =IFERROR(INDEX($R:$R,MATCH(T11,$S:$S,0)),"") | W11: =IF(U11="","",IF(Q11<>U11,1,0)) | X11: =IF(V11="","",IF(R11<V11,1,0)) | Y11: =IF(V11="","",IF(R11>V11,1,0)) | Z11: =IF(Q11="Pass",1,0)
R12: =IF(Q12="","",IFERROR(VLOOKUP(Q12,Lookups!$A$2:$B$8,2,FALSE),"")) | S12: =IF(B12="","",B12&"|"&TEXT(C12,"00")) | T12: =IF(B12="","",B12&"|"&TEXT(C12-1,"00")) | U12: =IFERROR(INDEX($Q:$Q,MATCH(T12,$S:$S,0)),"") | V12: =IFERROR(INDEX($R:$R,MATCH(T12,$S:$S,0)),"") | W12: =IF(U12="","",IF(Q12<>U12,1,0)) | X12: =IF(V12="","",IF(R12<V12,1,0)) | Y12: =IF(V12="","",IF(R12>V12,1,0)) | Z12: =IF(Q12="Pass",1,0)
R13: =IF(Q13="","",IFERROR(VLOOKUP(Q13,Lookups!$A$2:$B$8,2,FALSE),"")) | S13: =IF(B13="","",B13&"|"&TEXT(C13,"00")) | T13: =IF(B13="","",B13&"|"&TEXT(C13-1,"00")) | U13: =IFERROR(INDEX($Q:$Q,MATCH(T13,$S:$S,0)),"") | V13: =IFERROR(INDEX($R:$R,MATCH(T13,$S:$S,0)),"") | W13: =IF(U13="","",IF(Q13<>U13,1,0)) | X13: =IF(V13="","",IF(R13<V13,1,0)) | Y13: =IF(V13="","",IF(R13>V13,1,0)) | Z13: =IF(Q13="Pass",1,0)
R14: =IF(Q14="","",IFERROR(VLOOKUP(Q14,Lookups!$A$2:$B$8,2,FALSE),"")) | S14: =IF(B14="","",B14&"|"&TEXT(C14,"00")) | T14: =IF(B14="","",B14&"|"&TEXT(C14-1,"00")) | U14: =IFERROR(INDEX($Q:$Q,MATCH(T14,$S:$S,0)),"") | V14: =IFERROR(INDEX($R:$R,MATCH(T14,$S:$S,0)),"") | W14: =IF(U14="","",IF(Q14<>U14,1,0)) | X14: =IF(V14="","",IF(R14<V14,1,0)) | Y14: =IF(V14="","",IF(R14>V14,1,0)) | Z14: =IF(Q14="Pass",1,0)
R15: =IF(Q15="","",IFERROR(VLOOKUP(Q15,Lookups!$A$2:$B$8,2,FALSE),"")) | S15: =IF(B15="","",B15&"|"&TEXT(C15,"00")) | T15: =IF(B15="","",B15&"|"&TEXT(C15-1,"00")) | U15: =IFERROR(INDEX($Q:$Q,MATCH(T15,$S:$S,0)),"") | V15: =IFERROR(INDEX($R:$R,MATCH(T15,$S:$S,0)),"") | W15: =IF(U15="","",IF(Q15<>U15,1,0)) | X15: =IF(V15="","",IF(R15<V15,1,0)) | Y15: =IF(V15="","",IF(R15>V15,1,0)) | Z15: =IF(Q15="Pass",1,0)
R16: =IF(Q16="","",IFERROR(VLOOKUP(Q16,Lookups!$A$2:$B$8,2,FALSE),"")) | S16: =IF(B16="","",B16&"|"&TEXT(C16,"00")) | T16: =IF(B16="","",B16&"|"&TEXT(C16-1,"00")) | U16: =IFERROR(INDEX($Q:$Q,MATCH(T16,$S:$S,0)),"") | V16: =IFERROR(INDEX($R:$R,MATCH(T16,$S:$S,0)),"") | W16: =IF(U16="","",IF(Q16<>U16,1,0)) | X16: =IF(V16="","",IF(R16<V16,1,0)) | Y16: =IF(V16="","",IF(R16>V16,1,0)) | Z16: =IF(Q16="Pass",1,0)
R17: =IF(Q17="","",IFERROR(VLOOKUP(Q17,Lookups!$A$2:$B$8,2,FALSE),"")) | S17: =IF(B17="","",B17&"|"&TEXT(C17,"00")) | T17: =IF(B17="","",B17&"|"&TEXT(C17-1,"00")) | U17: =IFERROR(INDEX($Q:$Q,MATCH(T17,$S:$S,0)),"") | V17: =IFERROR(INDEX($R:$R,MATCH(T17,$S:$S,0)),"") | W17: =IF(U17="","",IF(Q17<>U17,1,0)) | X17: =IF(V17="","",IF(R17<V17,1,0)) | Y17: =IF(V17="","",IF(R17>V17,1,0)) | Z17: =IF(Q17="Pass",1,0)
R18: =IF(Q18="","",IFERROR(VLOOKUP(Q18,Lookups!$A$2:$B$8,2,FALSE),"")) | S18: =IF(B18="","",B18&"|"&TEXT(C18,"00")) | T18: =IF(B18="","",B18&"|"&TEXT(C18-1,"00")) | U18: =IFERROR(INDEX($Q:$Q,MATCH(T18,$S:$S,0)),"") | V18: =IFERROR(INDEX($R:$R,MATCH(T18,$S:$S,0)),"") | W18: =IF(U18="","",IF(Q18<>U18,1,0)) | X18: =IF(V18="","",IF(R18<V18,1,0)) | Y18: =IF(V18="","",IF(R18>V18,1,0)) | Z18: =IF(Q18="Pass",1,0)
R19: =IF(Q19="","",IFERROR(VLOOKUP(Q19,Lookups!$A$2:$B$8,2,FALSE),"")) | S19: =IF(B19="","",B19&"|"&TEXT(C19,"00")) | T19: =IF(B19="","",B19&"|"&TEXT(C19-1,"00")) | U19: =IFERROR(INDEX($Q:$Q,MATCH(T19,$S:$S,0)),"") | V19: =IFERROR(INDEX($R:$R,MATCH(T19,$S:$S,0)),"") | W19: =IF(U19="","",IF(Q19<>U19,1,0)) | X19: =IF(V19="","",IF(R19<V19,1,0)) | Y19: =IF(V19="","",IF(R19>V19,1,0)) | Z19: =IF(Q19="Pass",1,0)
... R404: =IF(Q404="","",IFERROR(VLOOKUP(Q404,Lookups!$A$2:$B$8,2,FALSE),"")) | S404: =IF(B404="","",B404&"|"&TEXT(C404,"00")) | T404: =IF(B404="","",B404&"|"&TEXT(C404-1,"00")) | U404: =IFERROR(INDEX($Q:$Q,MATCH(T404,$S:$S,0)),"") | V404: =IFERROR(INDEX($R:$R,MATCH(T404,$S:$S,0)),"") | W404: =IF(U404="","",IF(Q404<>U404,1,0)) | X404: =IF(V404="","",IF(R404<V404,1,0)) | Y404: =IF(V404="","",IF(R404>V404,1,0)) | Z404: =IF(Q404="Pass",1,0)

Sheet Run Summary
A1: Run Summary
A2: This sheet rolls up one row per run using the Turn Log and Stability Checks sheets. Rows map directly to the Run Plan.
A4: run_id | B4: task_id | C4: model_id | D4: protocol_id | E4: replicate | F4: T_max | G4: logged_turns | H4: first_pass_turn | I4: final_turn | J4: final_state | K4: final_severity | L4: improvements | M4: regressions | N4: oscillations | O4: pass_within_T | P4: reexec_passes | Q4: reprompt_passes | R4: status | S4: analyst_note
A5: =IF('Run Plan'!A5="","",'Run Plan'!A5) | B5: =IF(A5="","",'Run Plan'!C5) | C5: =IF(A5="","",'Run Plan'!E5) | D5: =IF(A5="","",'Run Plan'!G5) | E5: =IF(A5="","",'Run Plan'!K5) | F5: =IF(A5="","",'Run Plan'!J5) | G5: =IF(A5="","",COUNTIF('Turn Log'!$B$5:$B$5000,A5)) | H5: =IF(A5="","",IFERROR(MINIFS('Turn Log'!$C$5:$C$5000,'Turn Log'!$B$5:$B$5000,A5,'Turn Log'!$Q$5:$Q$5000,"Pass"),"")) | I5: =IF(A5="","",IFERROR(MAXIFS('Turn Log'!$C$5:$C$5000,'Turn Log'!$B$5:$B$5000,A5),"")) | J5: =IF(A5="","",IFERROR(INDEX('Turn Log'!$Q$5:$Q$5000,MATCH(1,('Turn Log'!$B$5:$B$5000=A5)*('Turn Log'!$C$5:$C$5000=I5),0)),"")) | K5: =IF(A5="","",IFERROR(INDEX('Turn Log'!$R$5:$R$5000,MATCH(1,('Turn Log'!$B$5:$B$5000=A5)*('Turn Log'!$C$5:$C$5000=I5),0)),"")) | L5: =IF(A5="","",COUNTIFS('Turn Log'!$B$5:$B$5000,A5,'Turn Log'!$X$5:$X$5000,1)) | M5: =IF(A5="","",COUNTIFS('Turn Log'!$B$5:$B$5000,A5,'Turn Log'!$Y$5:$Y$5000,1)) | N5: =IF(A5="","",COUNTIFS('Turn Log'!$B$5:$B$5000,A5,'Turn Log'!$W$5:$W$5000,1)) | O5: =IF(H5="","No","Yes") | P5: =IF(A5="","",COUNTIFS('Stability Checks'!$A$5:$A$2000,A5,'Stability Checks'!$C$5:$C$2000,"Re-execution",'Stability Checks'!$E$5:$E$2000,"Pass")) | Q5: =IF(A5="","",COUNTIFS('Stability Checks'!$A$5:$A$2000,A5,'Stability Checks'!$C$5:$C$2000,"Re-prompt",'Stability Checks'!$E$5:$E$2000,"Pass")) | R5: =IF(A5="","",'Run Plan'!Q5)
A6: =IF('Run Plan'!A6="","",'Run Plan'!A6) | B6: =IF(A6="","",'Run Plan'!C6) | C6: =IF(A6="","",'Run Plan'!E6) | D6: =IF(A6="","",'Run Plan'!G6) | E6: =IF(A6="","",'Run Plan'!K6) | F6: =IF(A6="","",'Run Plan'!J6) | G6: =IF(A6="","",COUNTIF('Turn Log'!$B$5:$B$5000,A6)) | H6: =IF(A6="","",IFERROR(MINIFS('Turn Log'!$C$5:$C$5000,'Turn Log'!$B$5:$B$5000,A6,'Turn Log'!$Q$5:$Q$5000,"Pass"),"")) | I6: =IF(A6="","",IFERROR(MAXIFS('Turn Log'!$C$5:$C$5000,'Turn Log'!$B$5:$B$5000,A6),"")) | J6: =IF(A6="","",IFERROR(INDEX('Turn Log'!$Q$5:$Q$5000,MATCH(1,('Turn Log'!$B$5:$B$5000=A6)*('Turn Log'!$C$5:$C$5000=I6),0)),"")) | K6: =IF(A6="","",IFERROR(INDEX('Turn Log'!$R$5:$R$5000,MATCH(1,('Turn Log'!$B$5:$B$5000=A6)*('Turn Log'!$C$5:$C$5000=I6),0)),"")) | L6: =IF(A6="","",COUNTIFS('Turn Log'!$B$5:$B$5000,A6,'Turn Log'!$X$5:$X$5000,1)) | M6: =IF(A6="","",COUNTIFS('Turn Log'!$B$5:$B$5000,A6,'Turn Log'!$Y$5:$Y$5000,1)) | N6: =IF(A6="","",COUNTIFS('Turn Log'!$B$5:$B$5000,A6,'Turn Log'!$W$5:$W$5000,1)) | O6: =IF(H6="","No","Yes") | P6: =IF(A6="","",COUNTIFS('Stability Checks'!$A$5:$A$2000,A6,'Stability Checks'!$C$5:$C$2000,"Re-execution",'Stability Checks'!$E$5:$E$2000,"Pass")) | Q6: =IF(A6="","",COUNTIFS('Stability Checks'!$A$5:$A$2000,A6,'Stability Checks'!$C$5:$C$2000,"Re-prompt",'Stability Checks'!$E$5:$E$2000,"Pass")) | R6: =IF(A6="","",'Run Plan'!Q6)
A7: =IF('Run Plan'!A7="","",'Run Plan'!A7) | B7: =IF(A7="","",'Run Plan'!C7) | C7: =IF(A7="","",'Run Plan'!E7) | D7: =IF(A7="","",'Run Plan'!G7) | E7: =IF(A7="","",'Run Plan'!K7) | F7: =IF(A7="","",'Run Plan'!J7) | G7: =IF(A7="","",COUNTIF('Turn Log'!$B$5:$B$5000,A7)) | H7: =IF(A7="","",IFERROR(MINIFS('Turn Log'!$C$5:$C$5000,'Turn Log'!$B$5:$B$5000,A7,'Turn Log'!$Q$5:$Q$5000,"Pass"),"")) | I7: =IF(A7="","",IFERROR(MAXIFS('Turn Log'!$C$5:$C$5000,'Turn Log'!$B$5:$B$5000,A7),"")) | J7: =IF(A7="","",IFERROR(INDEX('Turn Log'!$Q$5:$Q$5000,MATCH(1,('Turn Log'!$B$5:$B$5000=A7)*('Turn Log'!$C$5:$C$5000=I7),0)),"")) | K7: =IF(A7="","",IFERROR(INDEX('Turn Log'!$R$5:$R$5000,MATCH(1,('Turn Log'!$B$5:$B$5000=A7)*('Turn Log'!$C$5:$C$5000=I7),0)),"")) | L7: =IF(A7="","",COUNTIFS('Turn Log'!$B$5:$B$5000,A7,'Turn Log'!$X$5:$X$5000,1)) | M7: =IF(A7="","",COUNTIFS('Turn Log'!$B$5:$B$5000,A7,'Turn Log'!$Y$5:$Y$5000,1)) | N7: =IF(A7="","",COUNTIFS('Turn Log'!$B$5:$B$5000,A7,'Turn Log'!$W$5:$W$5000,1)) | O7: =IF(H7="","No","Yes") | P7: =IF(A7="","",COUNTIFS('Stability Checks'!$A$5:$A$2000,A7,'Stability Checks'!$C$5:$C$2000,"Re-execution",'Stability Checks'!$E$5:$E$2000,"Pass")) | Q7: =IF(A7="","",COUNTIFS('Stability Checks'!$A$5:$A$2000,A7,'Stability Checks'!$C$5:$C$2000,"Re-prompt",'Stability Checks'!$E$5:$E$2000,"Pass")) | R7: =IF(A7="","",'Run Plan'!Q7)
A8: =IF('Run Plan'!A8="","",'Run Plan'!A8) | B8: =IF(A8="","",'Run Plan'!C8) | C8: =IF(A8="","",'Run Plan'!E8) | D8: =IF(A8="","",'Run Plan'!G8) | E8: =IF(A8="","",'Run Plan'!K8) | F8: =IF(A8="","",'Run Plan'!J8) | G8: =IF(A8="","",COUNTIF('Turn Log'!$B$5:$B$5000,A8)) | H8: =IF(A8="","",IFERROR(MINIFS('Turn Log'!$C$5:$C$5000,'Turn Log'!$B$5:$B$5000,A8,'Turn Log'!$Q$5:$Q$5000,"Pass"),"")) | I8: =IF(A8="","",IFERROR(MAXIFS('Turn Log'!$C$5:$C$5000,'Turn Log'!$B$5:$B$5000,A8),"")) | J8: =IF(A8="","",IFERROR(INDEX('Turn Log'!$Q$5:$Q$5000,MATCH(1,('Turn Log'!$B$5:$B$5000=A8)*('Turn Log'!$C$5:$C$5000=I8),0)),"")) | K8: =IF(A8="","",IFERROR(INDEX('Turn Log'!$R$5:$R$5000,MATCH(1,('Turn Log'!$B$5:$B$5000=A8)*('Turn Log'!$C$5:$C$5000=I8),0)),"")) | L8: =IF(A8="","",COUNTIFS('Turn Log'!$B$5:$B$5000,A8,'Turn Log'!$X$5:$X$5000,1)) | M8: =IF(A8="","",COUNTIFS('Turn Log'!$B$5:$B$5000,A8,'Turn Log'!$Y$5:$Y$5000,1)) | N8: =IF(A8="","",COUNTIFS('Turn Log'!$B$5:$B$5000,A8,'Turn Log'!$W$5:$W$5000,1)) | O8: =IF(H8="","No","Yes") | P8: =IF(A8="","",COUNTIFS('Stability Checks'!$A$5:$A$2000,A8,'Stability Checks'!$C$5:$C$2000,"Re-execution",'Stability Checks'!$E$5:$E$2000,"Pass")) | Q8: =IF(A8="","",COUNTIFS('Stability Checks'!$A$5:$A$2000,A8,'Stability Checks'!$C$5:$C$2000,"Re-prompt",'Stability Checks'!$E$5:$E$2000,"Pass")) | R8: =IF(A8="","",'Run Plan'!Q8)
A9: =IF('Run Plan'!A9="","",'Run Plan'!A9) | B9: =IF(A9="","",'Run Plan'!C9) | C9: =IF(A9="","",'Run Plan'!E9) | D9: =IF(A9="","",'Run Plan'!G9) | E9: =IF(A9="","",'Run Plan'!K9) | F9: =IF(A9="","",'Run Plan'!J9) | G9: =IF(A9="","",COUNTIF('Turn Log'!$B$5:$B$5000,A9)) | H9: =IF(A9="","",IFERROR(MINIFS('Turn Log'!$C$5:$C$5000,'Turn Log'!$B$5:$B$5000,A9,'Turn Log'!$Q$5:$Q$5000,"Pass"),"")) | I9: =IF(A9="","",IFERROR(MAXIFS('Turn Log'!$C$5:$C$5000,'Turn Log'!$B$5:$B$5000,A9),"")) | J9: =IF(A9="","",IFERROR(INDEX('Turn Log'!$Q$5:$Q$5000,MATCH(1,('Turn Log'!$B$5:$B$5000=A9)*('Turn Log'!$C$5:$C$5000=I9),0)),"")) | K9: =IF(A9="","",IFERROR(INDEX('Turn Log'!$R$5:$R$5000,MATCH(1,('Turn Log'!$B$5:$B$5000=A9)*('Turn Log'!$C$5:$C$5000=I9),0)),"")) | L9: =IF(A9="","",COUNTIFS('Turn Log'!$B$5:$B$5000,A9,'Turn Log'!$X$5:$X$5000,1)) | M9: =IF(A9="","",COUNTIFS('Turn Log'!$B$5:$B$5000,A9,'Turn Log'!$Y$5:$Y$5000,1)) | N9: =IF(A9="","",COUNTIFS('Turn Log'!$B$5:$B$5000,A9,'Turn Log'!$W$5:$W$5000,1)) | O9: =IF(H9="","No","Yes") | P9: =IF(A9="","",COUNTIFS('Stability Checks'!$A$5:$A$2000,A9,'Stability Checks'!$C$5:$C$2000,"Re-execution",'Stability Checks'!$E$5:$E$2000,"Pass")) | Q9: =IF(A9="","",COUNTIFS('Stability Checks'!$A$5:$A$2000,A9,'Stability Checks'!$C$5:$C$2000,"Re-prompt",'Stability Checks'!$E$5:$E$2000,"Pass")) | R9: =IF(A9="","",'Run Plan'!Q9)
A10: =IF('Run Plan'!A10="","",'Run Plan'!A10) | B10: =IF(A10="","",'Run Plan'!C10) | C10: =IF(A10="","",'Run Plan'!E10) | D10: =IF(A10="","",'Run Plan'!G10) | E10: =IF(A10="","",'Run Plan'!K10) | F10: =IF(A10="","",'Run Plan'!J10) | G10: =IF(A10="","",COUNTIF('Turn Log'!$B$5:$B$5000,A10)) | H10: =IF(A10="","",IFERROR(MINIFS('Turn Log'!$C$5:$C$5000,'Turn Log'!$B$5:$B$5000,A10,'Turn Log'!$Q$5:$Q$5000,"Pass"),"")) | I10: =IF(A10="","",IFERROR(MAXIFS('Turn Log'!$C$5:$C$5000,'Turn Log'!$B$5:$B$5000,A10),"")) | J10: =IF(A10="","",IFERROR(INDEX('Turn Log'!$Q$5:$Q$5000,MATCH(1,('Turn Log'!$B$5:$B$5000=A10)*('Turn Log'!$C$5:$C$5000=I10),0)),"")) | K10: =IF(A10="","",IFERROR(INDEX('Turn Log'!$R$5:$R$5000,MATCH(1,('Turn Log'!$B$5:$B$5000=A10)*('Turn Log'!$C$5:$C$5000=I10),0)),"")) | L10: =IF(A10="","",COUNTIFS('Turn Log'!$B$5:$B$5000,A10,'Turn Log'!$X$5:$X$5000,1)) | M10: =IF(A10="","",COUNTIFS('Turn Log'!$B$5:$B$5000,A10,'Turn Log'!$Y$5:$Y$5000,1)) | N10: =IF(A10="","",COUNTIFS('Turn Log'!$B$5:$B$5000,A10,'Turn Log'!$W$5:$W$5000,1)) | O10: =IF(H10="","No","Yes") | P10: =IF(A10="","",COUNTIFS('Stability Checks'!$A$5:$A$2000,A10,'Stability Checks'!$C$5:$C$2000,"Re-execution",'Stability Checks'!$E$5:$E$2000,"Pass")) | Q10: =IF(A10="","",COUNTIFS('Stability Checks'!$A$5:$A$2000,A10,'Stability Checks'!$C$5:$C$2000,"Re-prompt",'Stability Checks'!$E$5:$E$2000,"Pass")) | R10: =IF(A10="","",'Run Plan'!Q10)
A11: =IF('Run Plan'!A11="","",'Run Plan'!A11) | B11: =IF(A11="","",'Run Plan'!C11) | C11: =IF(A11="","",'Run Plan'!E11) | D11: =IF(A11="","",'Run Plan'!G11) | E11: =IF(A11="","",'Run Plan'!K11) | F11: =IF(A11="","",'Run Plan'!J11) | G11: =IF(A11="","",COUNTIF('Turn Log'!$B$5:$B$5000,A11)) | H11: =IF(A11="","",IFERROR(MINIFS('Turn Log'!$C$5:$C$5000,'Turn Log'!$B$5:$B$5000,A11,'Turn Log'!$Q$5:$Q$5000,"Pass"),"")) | I11: =IF(A11="","",IFERROR(MAXIFS('Turn Log'!$C$5:$C$5000,'Turn Log'!$B$5:$B$5000,A11),"")) | J11: =IF(A11="","",IFERROR(INDEX('Turn Log'!$Q$5:$Q$5000,MATCH(1,('Turn Log'!$B$5:$B$5000=A11)*('Turn Log'!$C$5:$C$5000=I11),0)),"")) | K11: =IF(A11="","",IFERROR(INDEX('Turn Log'!$R$5:$R$5000,MATCH(1,('Turn Log'!$B$5:$B$5000=A11)*('Turn Log'!$C$5:$C$5000=I11),0)),"")) | L11: =IF(A11="","",COUNTIFS('Turn Log'!$B$5:$B$5000,A11,'Turn Log'!$X$5:$X$5000,1)) | M11: =IF(A11="","",COUNTIFS('Turn Log'!$B$5:$B$5000,A11,'Turn Log'!$Y$5:$Y$5000,1)) | N11: =IF(A11="","",COUNTIFS('Turn Log'!$B$5:$B$5000,A11,'Turn Log'!$W$5:$W$5000,1)) | O11: =IF(H11="","No","Yes") | P11: =IF(A11="","",COUNTIFS('Stability Checks'!$A$5:$A$2000,A11,'Stability Checks'!$C$5:$C$2000,"Re-execution",'Stability Checks'!$E$5:$E$2000,"Pass")) | Q11: =IF(A11="","",COUNTIFS('Stability Checks'!$A$5:$A$2000,A11,'Stability Checks'!$C$5:$C$2000,"Re-prompt",'Stability Checks'!$E$5:$E$2000,"Pass")) | R11: =IF(A11="","",'Run Plan'!Q11)
A12: =IF('Run Plan'!A12="","",'Run Plan'!A12) | B12: =IF(A12="","",'Run Plan'!C12) | C12: =IF(A12="","",'Run Plan'!E12) | D12: =IF(A12="","",'Run Plan'!G12) | E12: =IF(A12="","",'Run Plan'!K12) | F12: =IF(A12="","",'Run Plan'!J12) | G12: =IF(A12="","",COUNTIF('Turn Log'!$B$5:$B$5000,A12)) | H12: =IF(A12="","",IFERROR(MINIFS('Turn Log'!$C$5:$C$5000,'Turn Log'!$B$5:$B$5000,A12,'Turn Log'!$Q$5:$Q$5000,"Pass"),"")) | I12: =IF(A12="","",IFERROR(MAXIFS('Turn Log'!$C$5:$C$5000,'Turn Log'!$B$5:$B$5000,A12),"")) | J12: =IF(A12="","",IFERROR(INDEX('Turn Log'!$Q$5:$Q$5000,MATCH(1,('Turn Log'!$B$5:$B$5000=A12)*('Turn Log'!$C$5:$C$5000=I12),0)),"")) | K12: =IF(A12="","",IFERROR(INDEX('Turn Log'!$R$5:$R$5000,MATCH(1,('Turn Log'!$B$5:$B$5000=A12)*('Turn Log'!$C$5:$C$5000=I12),0)),"")) | L12: =IF(A12="","",COUNTIFS('Turn Log'!$B$5:$B$5000,A12,'Turn Log'!$X$5:$X$5000,1)) | M12: =IF(A12="","",COUNTIFS('Turn Log'!$B$5:$B$5000,A12,'Turn Log'!$Y$5:$Y$5000,1)) | N12: =IF(A12="","",COUNTIFS('Turn Log'!$B$5:$B$5000,A12,'Turn Log'!$W$5:$W$5000,1)) | O12: =IF(H12="","No","Yes") | P12: =IF(A12="","",COUNTIFS('Stability Checks'!$A$5:$A$2000,A12,'Stability Checks'!$C$5:$C$2000,"Re-execution",'Stability Checks'!$E$5:$E$2000,"Pass")) | Q12: =IF(A12="","",COUNTIFS('Stability Checks'!$A$5:$A$2000,A12,'Stability Checks'!$C$5:$C$2000,"Re-prompt",'Stability Checks'!$E$5:$E$2000,"Pass")) | R12: =IF(A12="","",'Run Plan'!Q12)
A13: =IF('Run Plan'!A13="","",'Run Plan'!A13) | B13: =IF(A13="","",'Run Plan'!C13) | C13: =IF(A13="","",'Run Plan'!E13) | D13: =IF(A13="","",'Run Plan'!G13) | E13: =IF(A13="","",'Run Plan'!K13) | F13: =IF(A13="","",'Run Plan'!J13) | G13: =IF(A13="","",COUNTIF('Turn Log'!$B$5:$B$5000,A13)) | H13: =IF(A13="","",IFERROR(MINIFS('Turn Log'!$C$5:$C$5000,'Turn Log'!$B$5:$B$5000,A13,'Turn Log'!$Q$5:$Q$5000,"Pass"),"")) | I13: =IF(A13="","",IFERROR(MAXIFS('Turn Log'!$C$5:$C$5000,'Turn Log'!$B$5:$B$5000,A13),"")) | J13: =IF(A13="","",IFERROR(INDEX('Turn Log'!$Q$5:$Q$5000,MATCH(1,('Turn Log'!$B$5:$B$5000=A13)*('Turn Log'!$C$5:$C$5000=I13),0)),"")) | K13: =IF(A13="","",IFERROR(INDEX('Turn Log'!$R$5:$R$5000,MATCH(1,('Turn Log'!$B$5:$B$5000=A13)*('Turn Log'!$C$5:$C$5000=I13),0)),"")) | L13: =IF(A13="","",COUNTIFS('Turn Log'!$B$5:$B$5000,A13,'Turn Log'!$X$5:$X$5000,1)) | M13: =IF(A13="","",COUNTIFS('Turn Log'!$B$5:$B$5000,A13,'Turn Log'!$Y$5:$Y$5000,1)) | N13: =IF(A13="","",COUNTIFS('Turn Log'!$B$5:$B$5000,A13,'Turn Log'!$W$5:$W$5000,1)) | O13: =IF(H13="","No","Yes") | P13: =IF(A13="","",COUNTIFS('Stability Checks'!$A$5:$A$2000,A13,'Stability Checks'!$C$5:$C$2000,"Re-execution",'Stability Checks'!$E$5:$E$2000,"Pass")) | Q13: =IF(A13="","",COUNTIFS('Stability Checks'!$A$5:$A$2000,A13,'Stability Checks'!$C$5:$C$2000,"Re-prompt",'Stability Checks'!$E$5:$E$2000,"Pass")) | R13: =IF(A13="","",'Run Plan'!Q13)
A14: =IF('Run Plan'!A14="","",'Run Plan'!A14) | B14: =IF(A14="","",'Run Plan'!C14) | C14: =IF(A14="","",'Run Plan'!E14) | D14: =IF(A14="","",'Run Plan'!G14) | E14: =IF(A14="","",'Run Plan'!K14) | F14: =IF(A14="","",'Run Plan'!J14) | G14: =IF(A14="","",COUNTIF('Turn Log'!$B$5:$B$5000,A14)) | H14: =IF(A14="","",IFERROR(MINIFS('Turn Log'!$C$5:$C$5000,'Turn Log'!$B$5:$B$5000,A14,'Turn Log'!$Q$5:$Q$5000,"Pass"),"")) | I14: =IF(A14="","",IFERROR(MAXIFS('Turn Log'!$C$5:$C$5000,'Turn Log'!$B$5:$B$5000,A14),"")) | J14: =IF(A14="","",IFERROR(INDEX('Turn Log'!$Q$5:$Q$5000,MATCH(1,('Turn Log'!$B$5:$B$5000=A14)*('Turn Log'!$C$5:$C$5000=I14),0)),"")) | K14: =IF(A14="","",IFERROR(INDEX('Turn Log'!$R$5:$R$5000,MATCH(1,('Turn Log'!$B$5:$B$5000=A14)*('Turn Log'!$C$5:$C$5000=I14),0)),"")) | L14: =IF(A14="","",COUNTIFS('Turn Log'!$B$5:$B$5000,A14,'Turn Log'!$X$5:$X$5000,1)) | M14: =IF(A14="","",COUNTIFS('Turn Log'!$B$5:$B$5000,A14,'Turn Log'!$Y$5:$Y$5000,1)) | N14: =IF(A14="","",COUNTIFS('Turn Log'!$B$5:$B$5000,A14,'Turn Log'!$W$5:$W$5000,1)) | O14: =IF(H14="","No","Yes") | P14: =IF(A14="","",COUNTIFS('Stability Checks'!$A$5:$A$2000,A14,'Stability Checks'!$C$5:$C$2000,"Re-execution",'Stability Checks'!$E$5:$E$2000,"Pass")) | Q14: =IF(A14="","",COUNTIFS('Stability Checks'!$A$5:$A$2000,A14,'Stability Checks'!$C$5:$C$2000,"Re-prompt",'Stability Checks'!$E$5:$E$2000,"Pass")) | R14: =IF(A14="","",'Run Plan'!Q14)
A15: =IF('Run Plan'!A15="","",'Run Plan'!A15) | B15: =IF(A15="","",'Run Plan'!C15) | C15: =IF(A15="","",'Run Plan'!E15) | D15: =IF(A15="","",'Run Plan'!G15) | E15: =IF(A15="","",'Run Plan'!K15) | F15: =IF(A15="","",'Run Plan'!J15) | G15: =IF(A15="","",COUNTIF('Turn Log'!$B$5:$B$5000,A15)) | H15: =IF(A15="","",IFERROR(MINIFS('Turn Log'!$C$5:$C$5000,'Turn Log'!$B$5:$B$5000,A15,'Turn Log'!$Q$5:$Q$5000,"Pass"),"")) | I15: =IF(A15="","",IFERROR(MAXIFS('Turn Log'!$C$5:$C$5000,'Turn Log'!$B$5:$B$5000,A15),"")) | J15: =IF(A15="","",IFERROR(INDEX('Turn Log'!$Q$5:$Q$5000,MATCH(1,('Turn Log'!$B$5:$B$5000=A15)*('Turn Log'!$C$5:$C$5000=I15),0)),"")) | K15: =IF(A15="","",IFERROR(INDEX('Turn Log'!$R$5:$R$5000,MATCH(1,('Turn Log'!$B$5:$B$5000=A15)*('Turn Log'!$C$5:$C$5000=I15),0)),"")) | L15: =IF(A15="","",COUNTIFS('Turn Log'!$B$5:$B$5000,A15,'Turn Log'!$X$5:$X$5000,1)) | M15: =IF(A15="","",COUNTIFS('Turn Log'!$B$5:$B$5000,A15,'Turn Log'!$Y$5:$Y$5000,1)) | N15: =IF(A15="","",COUNTIFS('Turn Log'!$B$5:$B$5000,A15,'Turn Log'!$W$5:$W$5000,1)) | O15: =IF(H15="","No","Yes") | P15: =IF(A15="","",COUNTIFS('Stability Checks'!$A$5:$A$2000,A15,'Stability Checks'!$C$5:$C$2000,"Re-execution",'Stability Checks'!$E$5:$E$2000,"Pass")) | Q15: =IF(A15="","",COUNTIFS('Stability Checks'!$A$5:$A$2000,A15,'Stability Checks'!$C$5:$C$2000,"Re-prompt",'Stability Checks'!$E$5:$E$2000,"Pass")) | R15: =IF(A15="","",'Run Plan'!Q15)
A16: =IF('Run Plan'!A16="","",'Run Plan'!A16) | B16: =IF(A16="","",'Run Plan'!C16) | C16: =IF(A16="","",'Run Plan'!E16) | D16: =IF(A16="","",'Run Plan'!G16) | E16: =IF(A16="","",'Run Plan'!K16) | F16: =IF(A16="","",'Run Plan'!J16) | G16: =IF(A16="","",COUNTIF('Turn Log'!$B$5:$B$5000,A16)) | H16: =IF(A16="","",IFERROR(MINIFS('Turn Log'!$C$5:$C$5000,'Turn Log'!$B$5:$B$5000,A16,'Turn Log'!$Q$5:$Q$5000,"Pass"),"")) | I16: =IF(A16="","",IFERROR(MAXIFS('Turn Log'!$C$5:$C$5000,'Turn Log'!$B$5:$B$5000,A16),"")) | J16: =IF(A16="","",IFERROR(INDEX('Turn Log'!$Q$5:$Q$5000,MATCH(1,('Turn Log'!$B$5:$B$5000=A16)*('Turn Log'!$C$5:$C$5000=I16),0)),"")) | K16: =IF(A16="","",IFERROR(INDEX('Turn Log'!$R$5:$R$5000,MATCH(1,('Turn Log'!$B$5:$B$5000=A16)*('Turn Log'!$C$5:$C$5000=I16),0)),"")) | L16: =IF(A16="","",COUNTIFS('Turn Log'!$B$5:$B$5000,A16,'Turn Log'!$X$5:$X$5000,1)) | M16: =IF(A16="","",COUNTIFS('Turn Log'!$B$5:$B$5000,A16,'Turn Log'!$Y$5:$Y$5000,1)) | N16: =IF(A16="","",COUNTIFS('Turn Log'!$B$5:$B$5000,A16,'Turn Log'!$W$5:$W$5000,1)) | O16: =IF(H16="","No","Yes") | P16: =IF(A16="","",COUNTIFS('Stability Checks'!$A$5:$A$2000,A16,'Stability Checks'!$C$5:$C$2000,"Re-execution",'Stability Checks'!$E$5:$E$2000,"Pass")) | Q16: =IF(A16="","",COUNTIFS('Stability Checks'!$A$5:$A$2000,A16,'Stability Checks'!$C$5:$C$2000,"Re-prompt",'Stability Checks'!$E$5:$E$2000,"Pass")) | R16: =IF(A16="","",'Run Plan'!Q16)
... A319: =IF('Run Plan'!A319="","",'Run Plan'!A319) | B319: =IF(A319="","",'Run Plan'!C319) | C319: =IF(A319="","",'Run Plan'!E319) | D319: =IF(A319="","",'Run Plan'!G319) | E319: =IF(A319="","",'Run Plan'!K319) | F319: =IF(A319="","",'Run Plan'!J319) | G319: =IF(A319="","",COUNTIF('Turn Log'!$B$5:$B$5000,A319)) | H319: =IF(A319="","",IFERROR(MINIFS('Turn Log'!$C$5:$C$5000,'Turn Log'!$B$5:$B$5000,A319,'Turn Log'!$Q$5:$Q$5000,"Pass"),"")) | I319: =IF(A319="","",IFERROR(MAXIFS('Turn Log'!$C$5:$C$5000,'Turn Log'!$B$5:$B$5000,A319),"")) | J319: =IF(A319="","",IFERROR(INDEX('Turn Log'!$Q$5:$Q$5000,MATCH(1,('Turn Log'!$B$5:$B$5000=A319)*('Turn Log'!$C$5:$C$5000=I319),0)),"")) | K319: =IF(A319="","",IFERROR(INDEX('Turn Log'!$R$5:$R$5000,MATCH(1,('Turn Log'!$B$5:$B$5000=A319)*('Turn Log'!$C$5:$C$5000=I319),0)),"")) | L319: =IF(A319="","",COUNTIFS('Turn Log'!$B$5:$B$5000,A319,'Turn Log'!$X$5:$X$5000,1)) | M319: =IF(A319="","",COUNTIFS('Turn Log'!$B$5:$B$5000,A319,'Turn Log'!$Y$5:$Y$5000,1)) | N319: =IF(A319="","",COUNTIFS('Turn Log'!$B$5:$B$5000,A319,'Turn Log'!$W$5:$W$5000,1)) | O319: =IF(H319="","No","Yes") | P319: =IF(A319="","",COUNTIFS('Stability Checks'!$A$5:$A$2000,A319,'Stability Checks'!$C$5:$C$2000,"Re-execution",'Stability Checks'!$E$5:$E$2000,"Pass")) | Q319: =IF(A319="","",COUNTIFS('Stability Checks'!$A$5:$A$2000,A319,'Stability Checks'!$C$5:$C$2000,"Re-prompt",'Stability Checks'!$E$5:$E$2000,"Pass")) | R319: =IF(A319="","",'Run Plan'!Q319)

Sheet Stability Checks
A1: Stability Checks
A2: Fill this only after a run first reaches Pass. Record re-execution, re-prompt, and perturbed-feedback checks here.
A4: run_id | B4: pass_turn | C4: check_type | D4: repeat_no | E4: outcome_state | F4: stable_pass? | G4: evidence_file | H4: notes
A5: PILOT-LOCAL056-GPT51-F1-R1 | B5: 2 | C5: Re-execution | D5: 1 | E5: Pass | F5: Yes | G5: screens/PILOT-LOCAL056-GPT51-F1-R1_reexec1.png | H5: Illustrative sample
A6: PILOT-LOCAL056-GPT51-F1-R1 | B6: 2 | C6: Re-prompt | D6: 1 | E6: Pass | F6: Yes | G6: responses/PILOT-LOCAL056-GPT51-F1-R1_reprompt1.txt | H6: Illustrative sample
A7: LOCAL001-GPT-5-1-F1-R1 | B7: 1 | C7: Re-execution | D7: 1 | E7: Pass | F7: Yes | G7: sql\LOCAL001-GPT-5-1-F1-R1_turn01.sql
A8: LOCAL001-GPT-5-1-F1-R1 | B8: 1 | C8: Re-execution | D8: 2 | E8: Pass | F8: Yes | G8: sql\LOCAL001-GPT-5-1-F1-R1_turn01.sql
A9: LOCAL001-GPT-5-1-F1-R1 | B9: 1 | C9: Re-execution | D9: 3 | E9: Pass | F9: Yes | G9: sql\LOCAL001-GPT-5-1-F1-R1_turn01.sql

Sheet Metrics Dictionary
A1: Metrics Dictionary
A3: metric_name | B3: level | C3: what it means | D3: how it is computed | E3: source sheet | F3: how to interpret it
A4: exec_state | B4: Turn | C4: Primary label for one executed turn | D4: Manual label chosen from Lookups state list | E4: Turn Log | F4: Use to build state transitions and error distributions.
A5: severity | B5: Turn | C5: Ordinal error severity score | D5: VLOOKUP from exec_state to severity | E5: Turn Log | F5: Lower is better; Pass = 0.
A6: improved | B6: Turn | C6: Whether the turn is better than the prior turn | D6: 1 if severity < prev_severity | E6: Turn Log | F6: Use to estimate error reduction.
A7: regressed | B7: Turn | C7: Whether the turn is worse than the prior turn | D7: 1 if severity > prev_severity | E7: Turn Log | F7: Use to count regressions.
A8: pass_within_T | B8: Run | C8: Whether the run reached Pass within the turn budget | D8: Yes if first_pass_turn is not blank | E8: Run Summary | F8: Primary success indicator per run.
A9: first_pass_turn | B9: Run | C9: Earliest turn that reached Pass | D9: MINIFS over Turn Log turn_no where exec_state = Pass | E9: Run Summary | F9: Lower means faster convergence.
A10: oscillations | B10: Run | C10: Count of state changes | D10: COUNTIFS state_change = 1 for the run | E10: Run Summary | F10: High values suggest unstable refinement.
A11: reexec_passes | B11: Stability | C11: Number of successful re-execution checks | D11: COUNTIFS in Stability Checks | E11: Run Summary | F11: Higher means the final SQL is execution-stable.
A12: reprompt_passes | B12: Stability | C12: Number of successful re-prompt checks | D12: COUNTIFS in Stability Checks | E12: Run Summary | F12: Higher means the solution is prompt-stable.

Sheet Example Run
A1: Example Filled Run (Illustrative)
A2: This sheet shows what a two-turn run can look like in the workbook. Do not treat the values here as real benchmark results.
A4: Run header
A5: run_id | B5: task_id | C5: model_id | D5: protocol | E5: T_max | F5: first state | G5: final state | H5: first pass turn | I5: regressions | J5: notes
A6: PILOT-LOCAL056-GPT51-F1-R1 | B6: local056 | C6: gpt-5.1 | D6: F1 | E6: 5 | F6: RuntimeError | G6: Pass | H6: 2 | I6: 0 | J6: Illustrative only
A8: Turn-level view
A9: turn_no | B9: prompt sent | C9: observed issue | D9: feedback used | E9: next action | F9: label | G9: severity | H9: state change | I9: regressed | J9: evidence
A10: 1 | B10: Turn 1 prompt with schema + question | C10: SQLite error: no such function DATE_TRUNC | D10: F1 engine error text | E10: Revise date bucketing function | F10: RuntimeError | G10: 2 | I10: 0 | J10: response_turn01.json
A11: 2 | B11: Turn 2 prompt with previous SQL + engine error | C11: Output matched oracle table | D11: Stop early | E11: Run stability checks | F11: Pass | G11: 0 | H11: 1 | I11: 0 | J11: response_turn02.json

Sheet Dashboard
A1: Dashboard
B3: Planned runs | D3: Runs with Pass | F3: Avg first pass turn
B4: =COUNTIF('Run Plan'!A:A,"<>")-1 | D4: =COUNTIF('Run Summary'!O:O,"Yes") | F4: =IFERROR(AVERAGEIF('Run Summary'!H:H,">0",'Run Summary'!H:H),"")
B7: Avg regressions | D7: Runs logged | F7: Stability checks
B8: =IFERROR(AVERAGEIF('Run Summary'!M:M,">=0",'Run Summary'!M:M),"") | D8: =COUNTIF('Run Summary'!A:A,"<>")-1 | F8: =COUNTIF('Stability Checks'!A:A,"<>")-1
A12: How to use the dashboard
A13: 1) Filter Run Summary by model_id or protocol_id to create per-model screenshots. 2) Use Turn Log to build a transition matrix pivot (prev_state → exec_state). 3) Use the same run_id in filenames, SQL exports, screenshots, and recording timestamps so every claim can be traced back to raw evidence.
